Entry number	Target word	Target cyrillic	Concept number	Source concept	Russian stimulus	WOLD core list	LWT code	Stem number	Language	Village	Region	Date (MM.YYYY)	Respondent	Supposed toplevel source	Suspected mediator	Reference	Comment	
1	c’unc’ra	ц1унц1ра	1	the ant	муравей	Yes	3.817	1.1	Avar				Dictionary at http://avar.me/					
2	k’amuri	к1амури	2	the arch	арка	Yes	7.58	2.1	Avar				Dictionary at http://avar.me/					
3	ʁapu	гъапу	2	the arch	арка	Yes	7.58	2.2	Avar				Dictionary at http://avar.me/					
4	ʕašːt’i	г1ащт1и	3	the axe/ax	топор	Yes	9.25	3.1	Avar				Dictionary at http://avar.me/					
5	torʕo	торг1о	4	the ball	мяч, шар	Yes	12.83	4.1	Avar				Dictionary at http://avar.me/					
6	čirma	чирма	5	the barrel	бочка	No		5.1	Avar				Dictionary at http://avar.me/					
7	dergelo	дергело	6	the bat	летучая мышь	Yes	3.591	6.1	Avar				Dictionary at http://avar.me/					
8	q’oxoɬalk’ač	къохьолъалкIач	6	the bat	летучая мышь	Yes	3.591	6.2	Avar				Dictionary at http://avar.me/					
9	gozo	гозо	7	the beak	клюв	Yes	4.241	7.1	Avar				Dictionary at http://avar.me/					
10	megež	мегеж	8	the beard	борода	Yes	4.142	8.1	Avar				Dictionary at http://avar.me/					
11	najil ħe	найил х1е	9	the beeswax	воск (пчелиный)	Yes	3.821	9.1	Avar				Dictionary at http://avar.me/					
12	račel	рачел	10	the belt	ремень, пояс	Yes	6.57	10.1	Avar				Dictionary at http://avar.me/					
13	ʕaršː	г1арщ	10	the belt	ремень, пояс	Yes	6.57	10.2	Avar				Dictionary at http://avar.me/					
14	xʷac’il č’olo	хьвац1ил ч1оло	10	the belt	ремень, пояс	Yes	6.57	10.3	Avar				Dictionary at http://avar.me/					
15	jurʁan	юргъан	11	the blanket	одеяло	Yes	7.422	11.1	Avar				Dictionary at http://avar.me/					
16	odejal	одеял	11	the blanket	одеяло	Yes	7.422	11.2	Avar				Dictionary at http://avar.me/					
17	hanamaʕ	гьанамаг1	12	the blister	мозоль	Yes	4.855	12.1	Avar				Dictionary at http://avar.me/					
18	pinƛ’	пинкь	12	the blister	мозоль	Yes	4.855	12.2	Avar				Dictionary at http://avar.me/					
19	qaban (boɬon)	хъабан (болъон)	13	the boar	кабан, боров, вепрь	Yes	3.32	13.1	Avar				Dictionary at http://avar.me/					
20	čerχ	черх	14	the body	тело	Yes	4.11	14.1	Avar				Dictionary at http://avar.me/					
21	q’arq’ala	къаркъала	14	the body	тело	Yes	4.11	14.2	Avar				Dictionary at http://avar.me/					
22	šiša	шиша	15	the bottle	бутылка	Yes	23.56	15.1	Avar				Dictionary at http://avar.me/					
23	ʕurqi	г1урхъи	16	the boundary	граница, межа	Yes	19.17	16.1	Avar				Dictionary at http://avar.me/					
24	č’orbut’	ч1орбут1	17	the bow	лук (оружие), стрела	Yes	20.24	17.1	Avar				Dictionary at http://avar.me/					
25	gazarʁo	газаргъо	17	the bow	лук (оружие), стрела	Yes	20.24	17.2	Avar				Dictionary at http://avar.me/					
26	kurxin	курхьин	18	the bracelet	браслет	Yes	6.74	18.1	Avar				Dictionary at http://avar.me/					
27	ƛ’o	кьо	19	the bridge	мост	Yes	10.74	19.1	Avar				Dictionary at http://avar.me/					
28	žul	жул	20	the broom	метла	Yes	9.38	20.1	Avar				Dictionary at http://avar.me/					
29	vedro	ведро	21	the bucket	ведро	No		21.1	Avar				Dictionary at http://avar.me/					
30	k’alk’uč’	к1алк1уч1	22	the butterfly	бабочка	Yes	3.92	22.1	Avar				Dictionary at http://avar.me/					
31	qapust’an	хъапуст1ан	23	the cabbage	капуста (кочанная)	No		23.1	Avar				Dictionary at http://avar.me/					
32	ħedučiraq	х1едучирахъ	24	the candle	свеча	Yes	7.46	24.1	Avar				Dictionary at http://avar.me/				čiraq is Turkic	
33	naχučiraq	нахучирахъ	24	the candle	свеча	Yes	7.46	24.2	Avar				Dictionary at http://avar.me/				čiraq is Turkic	
34	lamadur	ламадур	25	the carrot	морковь	No		25.1	Avar				Dictionary at http://avar.me/					
35	keto	кето	26	the cat	кошка	Yes	3.62	26.1	Avar				Dictionary at http://avar.me/					
36	ʁanc’a	гъанц1а	26	the cat	кошка	Yes	3.62	26.2	Avar				Dictionary at http://avar.me/					
37	ʁec’	гъец1	26	the cat	кошка	Yes	3.62	26.3	Avar				Dictionary at http://avar.me/					
38	č’eʕerboc’i	ч1ег1ербоц1и	27	the cattle	крупный рогатый скот	No		27.1	Avar				Dictionary at http://avar.me/					
39	ħajwan	х1айван	27	the cattle	крупный рогатый скот	No		27.2	Avar				Dictionary at http://avar.me/					
40	noqo	нохъо	28	the cave	пещера	Yes	1.28	28.1	Avar				Dictionary at http://avar.me/					
41	raχas	рахас	29	the chain	цепь	Yes	9.18	29.1	Avar				Dictionary at http://avar.me/					
42	sinžir	синжир	29	the chain	цепь	Yes	9.18	29.2	Avar				Dictionary at http://avar.me/					
43	tuχum	тухум	30	the clan	тухум, род	Yes	19.23	30.1	Avar				Dictionary at http://avar.me/					
44	ret’el-kun	рет1ел-кун	31	the clothing or clothes	одежда	Yes	6.12	31.1	Avar				Dictionary at http://avar.me/					
45	ħeleko	х1елеко	32	the cock/rooster	петух	Yes	3.52	32.1	Avar				Dictionary at http://avar.me/					
46	ƛ’er	кьер	33	the colour/color	цвет	Yes	15.61	33.1	Avar				Dictionary at http://avar.me/					
47	pax	пахь	34	the copper	медь	Yes	9.66	34.1	Avar				Dictionary at http://avar.me/					
48	žanaza	жаназа	35	the corpse	труп	Yes	4.77	35.1	Avar				Dictionary at http://avar.me/				Human	
49	balkan	балкан	35	the corpse	труп	Yes	4.77	35.2	Avar				Dictionary at http://avar.me/				Animal	
50	qanč	хъанч	36	the cross	крест	Yes	12.77	36.1	Avar				Dictionary at http://avar.me/					
51	čaška	чашка	37	the cup	чашка	Yes	5.35	37.1	Avar				Dictionary at http://avar.me/					
52	naɬi	налъи	38	the debt	долг (денежный)	Yes	11.64	38.1	Avar				Dictionary at http://avar.me/					
53	borč	борч	38	the debt	долг (денежный)	Yes	11.64	38.2	Avar				Dictionary at http://avar.me/					
54	qarz	къарз	38	the debt	долг (денежный)	Yes	11.64	38.3	Avar				Dictionary at http://avar.me/					
55	qali	къали	39	the drum	барабан	Yes	18.72	39.1	Avar				Dictionary at http://avar.me/					
56	ordek	ордек	40	the duck	утка	Yes	3.57	40.1	Avar				Dictionary at http://avar.me/					
57	ħur	х1ур	41	the dust	пыль	Yes	1.213	41.1	Avar				Dictionary at http://avar.me/					
58	k’ilk’al	к1илк1ал	42	the earring	серьга, сережка	Yes	6.77	42.1	Avar				Dictionary at http://avar.me/				Plural	
59	χono	хоно	43	the egg	яйцо	Yes	5.97	43.1	Avar				Dictionary at http://avar.me/					
60	marha	маргьа	44	the fairy tale	сказка	No		44.1	Avar				Dictionary at http://avar.me/					
61	qizan	хъизан	45	the family	семья	Yes	2.82	45.1	Avar				Dictionary at http://avar.me/					
62	burtina	буртина	46	the felt	войлок (из чего делают бурки)	Yes	6.27	46.1	Avar				Dictionary at http://avar.me/					
63	č’aʕa	ч1аг1а	47	the fermented drink	буза	Yes	5.94	47.1	Avar				Dictionary at http://avar.me/					
64	c’ul	ц1ул	48	the firewood	дрова, топливо, древесина	Yes	1.88	48.1	Avar				Dictionary at http://avar.me/					
65	čːuʕa	ччуг1а	49	the fish	рыба	Yes	3.65	49.1	Avar				Dictionary at http://avar.me/					
66	zar	зар	50	the fist	кулак	No		50.1	Avar				Dictionary at http://avar.me/					
67	ʕazab	г1азаб	51	the flour	мука (пшеничная)	Yes	5.55	51.1	Avar				Dictionary at http://avar.me/					
68	ʕaq’uba	г1акъуба	51	the flour	мука (пшеничная)	Yes	5.55	51.2	Avar				Dictionary at http://avar.me/					
69	t’eh	т1егь	52	the flower	цветок	Yes	8.57	52.1	Avar				Dictionary at http://avar.me/					
70	ɬak’	лъак1	53	the footprint	след (ноги)	Yes	4.374	53.1	Avar				Dictionary at http://avar.me/					
71	ʕuč’	г1уч1	54	the fork	вилка (которой кушают)	Yes	5.39	54.1	Avar				Dictionary at http://avar.me/					
72	ɬen	лъен	55	the fork(2)/pitchfork	вилы (сена)	Yes	8.26	55.1	Avar				Dictionary at http://avar.me/					
73	hudul	гьудул	56	the friend	друг, приятель	Yes	19.51	56.1	Avar				Dictionary at http://avar.me/					
74	q’ʷerq’	къверкъ	57	the frog	лягушка	Yes	3.95	57.1	Avar				Dictionary at http://avar.me/					
75	aχ	ах	58	the garden	сад	Yes	8.13	58.1	Avar				Dictionary at http://avar.me/					
76	c’er	ц1ер	59	the glass	стекло	Yes	9.74	59.1	Avar				Dictionary at http://avar.me/				Also: ice	
77	šiša	шиша	59	the glass	стекло	Yes	9.74	59.2	Avar				Dictionary at http://avar.me/					
78	mesed	месед	60	the gold	золото	Yes	9.64	60.1	Avar				Dictionary at http://avar.me/					
79	qaz	хъаз	61	the goose	гусь	Yes	3.56	61.1	Avar				Dictionary at http://avar.me/					
80	c’ibil	ц1ибил	62	the grape	виноград	Yes	5.76	62.1	Avar				Dictionary at http://avar.me/					
81	garc’	гарц1	63	the grasshopper	кузнечик	Yes	3.93	63.1	Avar				Dictionary at http://avar.me/					
82	hobol	гьобол	64	the guest	гость	Yes	19.56	64.1	Avar				Dictionary at http://avar.me/					
83	tumank’	туманк1	65	the gun	ружьё	Yes	20.28	65.1	Avar				Dictionary at http://avar.me/					
84	kʷart’a	кварт1а	66	the hammer	молоток	Yes	9.49	66.1	Avar				Dictionary at http://avar.me/					
85	ʕank’	г1анк1	67	the hare	заяц	Yes	3.863	67.1	Avar				Dictionary at http://avar.me/					
86	reqen	рехъен	68	the herd	стадо (овец)	No		68.1	Avar				Dictionary at http://avar.me/					
87	maχː	махх	69	the iron	железо	Yes	9.67	69.1	Avar				Dictionary at http://avar.me/					
88	maχsara	махсара	70	the joke	шутка	No		70.1	Avar				Dictionary at http://avar.me/					
89	t’uxi	т1ухьи	71	the lead	свинец (из чего пули)	Yes	9.68	71.1	Avar				Dictionary at http://avar.me/					
90	piri	пири	72	the lightning	молния	Yes	1.55	72.1	Avar				Dictionary at http://avar.me/					
91	ʁalbac’	гъалбац1	73	the lion	лев	Yes	3.72	73.1	Avar				Dictionary at http://avar.me/					
92	k’ʷet’	к1вет1	74	the lip	губа	Yes	4.25	74.1	Avar				Dictionary at http://avar.me/					
93	ƛ’inč	кьинч	75	the lizard	ящерица	Yes	3.96	75.1	Avar				Dictionary at http://avar.me/					
94	k’ulal	к1улал	76	the lock	замок (навесной), ключ	Yes	7.23	76.1	Avar				Dictionary at http://avar.me/					
95	kirit	кирит	76	the lock	замок (навесной), ключ	Yes	7.23	76.2	Avar				Dictionary at http://avar.me/					
96	raχaj	рахай	76	the lock	замок (навесной), ключ	Yes	7.23	76.3	Avar				Dictionary at http://avar.me/					
97	c’orosaroɬ	ц1оросаролъ	77	the maize/corn	кукуруза	Yes	8.47	77.1	Avar				Dictionary at http://avar.me/					
98	daru	дару	78	the medicine	лекарство	Yes	4.88	78.1	Avar				Dictionary at http://avar.me/					
99	darman	дарман	78	the medicine	лекарство	Yes	4.88	78.2	Avar				Dictionary at http://avar.me/					
100	past’an	паст1ан	79	the melon	дыня	No		79.1	Avar				Dictionary at http://avar.me/					
101	mat’u	мат1у	80	the mirror	зеркало	Yes	6.96	80.1	Avar				Dictionary at http://avar.me/					
102	ʕarac	г1арац	81	the money	деньги	Yes	11.43	81.1	Avar				Dictionary at http://avar.me/					
103	gačil rastvor	гачил раствор	82	the mortar(2)	известковый раствор	Yes	7.63	82.1	Avar				Dictionary at http://avar.me/					
104	ʕorc’en	г1орц1ен	83	the mule	мул	Yes	3.47	83.1	Avar				Dictionary at http://avar.me/					
105	ʕurdaħan	г1урдах1ан	84	the mushroom	гриб	Yes	8.98	84.1	Avar				Dictionary at http://avar.me/					
106	maʕ	маг1	85	the nail	гвоздь	Yes	9.5	85.1	Avar				Dictionary at http://avar.me/					
107	ruk’ːen	рук1к1ен	86	the needle(1)	игла	Yes	6.36	86.1	Avar				Dictionary at http://avar.me/					
108	maduhal	мадугьал	87	the neighbour	сосед	Yes	19.54	87.1	Avar				Dictionary at http://avar.me/					
109	ħanč’ibusen	х1анч1ибусен	88	the nest	гнездо	Yes	3.58	88.1	Avar				Dictionary at http://avar.me/				busen = bed	
110	mič’	мич1	89	the nettle	крапива	Yes	8.97	89.1	Avar				Dictionary at http://avar.me/					
111	neχa	неха	90	the oats	овёс (чем кормят лошадей)	Yes	8.46	90.1	Avar				Dictionary at http://avar.me/					
112	niχa	ниха	90	the oats	овёс (чем кормят лошадей)	Yes	8.46	90.1	Avar				Dictionary at http://avar.me/					
113	besdala-cm	бесдала-cm	91	the orphan	сирота	Yes	2.75	91.1	Avar				Dictionary at http://avar.me/				Adjective	
114	ruz	руз	92	the owl	сова	Yes	3.596	92.1	Avar				Dictionary at http://avar.me/					
115	lažbar	лажбар	93	the paint	краска	Yes	9.88	93.1	Avar				Dictionary at http://avar.me/					
116	reɬen	релъен	93	the paint	краска	Yes	9.88	93.2	Avar				Dictionary at http://avar.me/					
117	kaʁat	кагъат	94	the paper	бумага	Yes	18.56	94.1	Avar				Dictionary at http://avar.me/					
118	moq’oq’	мокъокъ	95	the partridge	куропатка	No		95.1	Avar				Dictionary at http://avar.me/					
119	ħeholo	х1егьоло	96	the pea	горох	No		96.1	Avar				Dictionary at http://avar.me/					
120	geni	гени	97	the pear	груша	No		97.1	Avar				Dictionary at http://avar.me/					
121	q’alam	къалам	98	the pencil	карандаш	No		98.1	Avar				Dictionary at http://avar.me/					
122	pilpil	пилпил	99	the pepper	перец (черный)	Yes	5.82	99.1	Avar				Dictionary at http://avar.me/					
123	pučː	пучч	99	the pepper	перец (черный)	Yes	5.82	99.2	Avar				Dictionary at http://avar.me/					
124	boɬon	болъон	100	the pig	свинья	Yes	3.35	100.1	Avar				Dictionary at http://avar.me/					
125	qalijan	хъалиян	101	the pipe	трубка курительная	Yes	8.691	101.1	Avar				Dictionary at http://avar.me/				Also means cigarette (including homemade ones)	
126	kokon	кокон	102	the plum	слива	No		102.1	Avar				Dictionary at http://avar.me/					
127	čʷanta	чванта	103	the pocket	карман	Yes	6.61	103.1	Avar				Dictionary at http://avar.me/					
128	kisa	киса	103	the pocket	карман	Yes	6.61	103.2	Avar				Dictionary at http://avar.me/					
129	zahru	загьру	104	the poison	яд	Yes	4.89	104.1	Avar				Dictionary at http://avar.me/					
130	baha	багьа	105	the price	цена	Yes	11.87	105.1	Avar				Dictionary at http://avar.me/					
131	q’imat	къимат	105	the price	цена	Yes	11.87	105.2	Avar				Dictionary at http://avar.me/					
132	mux	мухь	105	the price	цена	Yes	11.87	105.3	Avar				Dictionary at http://avar.me/					
133	tusnaq	туснахъ	106	the prison	тюрьма	Yes	21.39	106.1	Avar				Dictionary at http://avar.me/					
134	qabaq	хъабахъ	107	the pumpkin or squash	тыква	Yes	8.931	107.1	Avar				Dictionary at http://avar.me/					
135	rit’uč’	рит1уч1	108	the reindeer/caribou	олень	Yes	3.871	108.1	Avar				Dictionary at http://avar.me/					
136	pirinč’	пиринч1	109	the rice	рис	Yes	8.48	109.1	Avar				Dictionary at http://avar.me/					
137	gor	гор	110	the ring	кольцо	Yes	6.73	110.1	Avar				Dictionary at http://avar.me/					
138	kʷar	квар	111	the rope	веревка	Yes	9.19	111.1	Avar				Dictionary at http://avar.me/					
139	bat’arhin	бат1аргьин	111	the rope	веревка	Yes	9.19	111.2	Avar				Dictionary at http://avar.me/					
140	ruxen	рухьен	111	the rope	веревка	Yes	9.19	111.3	Avar				Dictionary at http://avar.me/					
141	č’umal	ч1умал	112	the rosary	четки	No		112.1	Avar				Dictionary at http://avar.me/					
142	ƛ’awu	кьаву	113	the rust	ржавчина	No		113.1	Avar				Dictionary at http://avar.me/					
143	sali	сали	114	the sand	песок (строительный)	Yes	1.215	114.1	Avar				Dictionary at http://avar.me/					
144	quqadiro	хъухъадиро	115	the saw	пила	Yes	9.48	115.1	Avar				Dictionary at http://avar.me/					
145	ruʁnal	ругънал	116	the scar	шрам, рана	Yes	4.858	116.1	Avar				Dictionary at http://avar.me/					
146	ʕuž	г1уж	116	the scar	шрам, рана	Yes	4.858	116.2	Avar				Dictionary at http://avar.me/					
147	škola	школа	117	the school	школа	Yes	17.28	117.1	Avar				Dictionary at http://avar.me/					
148	k’ʷeƛ’maχː	к1векьмахх	118	the scissors or shears	ножницы	Yes	9.24	118.1	Avar				Dictionary at http://avar.me/					
149	χaricel	харицел	119	the scythe	коса	Yes	8.33	119.1	Avar				Dictionary at http://avar.me/					
150	raɬad	ралъад	120	the sea	море	Yes	1.32	120.1	Avar				Dictionary at http://avar.me/					
151	raʕad	раг1ад	121	the shade or shadow	тень	Yes	1.63	121.1	Avar				Dictionary at http://avar.me/					
152	tuken	тукен	122	the shop/store	магазин	Yes	11.86	122.1	Avar				Dictionary at http://avar.me/					
153	niɬ	нилъ	123	the sickle	серп	Yes	8.33	123.1	Avar				Dictionary at http://avar.me/					
154	qandiro	хъандиро	123	the sickle	серп	Yes	8.33	123.2	Avar				Dictionary at http://avar.me/					
155	ʕarac	г1арац	124	the silver	серебро	Yes	9.65	124.1	Avar				Dictionary at http://avar.me/					
156	laʁ	лагъ	125	the slave	раб	Yes	19.42	125.1	Avar				Dictionary at http://avar.me/					
157	čanaʁal	чанагъал	126	the sledge/sled	санки	Yes	10.79	126.1	Avar				Dictionary at http://avar.me/				Plural	
158	q’ʷal	къвал	127	the sleeve	рукав	No		127.1	Avar				Dictionary at http://avar.me/					
159	sapun	сапун	128	the soap	мыло	Yes	6.95	128.1	Avar				Dictionary at http://avar.me/					
160	keč’	кеч1	129	the song	песня	Yes	23.64	129.1	Avar				Dictionary at http://avar.me/					
161	čurpa	чурпа	130	the soup	суп	Yes	5.64	130.1	Avar				Dictionary at http://avar.me/					
162	buhun	бугьун	131	the spade	лопата	Yes	8.23	131.1	Avar				Dictionary at http://avar.me/					
163	bel	бел	131	the spade	лопата	Yes	8.23	131.2	Avar				Dictionary at http://avar.me/					
164	nusireč	нусиреч	132	the spider	паук	Yes	3.818	132.1	Avar				Dictionary at http://avar.me/					
165	q’orola	къорола	132	the spider	паук	Yes	3.818	132.2	Avar				Dictionary at http://avar.me/					
166	ʕankabut’	г1анкабут1	132	the spider	паук	Yes	3.818	132.3	Avar				Dictionary at http://avar.me/					
167	ʁud	гъуд	133	the spoon	ложка	Yes	5.37	133.1	Avar				Dictionary at http://avar.me/					
168	baluq	балухъ	133	the spoon	ложка	Yes	5.37	133.2	Avar				Dictionary at http://avar.me/					
169	buhun	бугьун	133	the spoon	ложка	Yes	5.37	133.3	Avar				Dictionary at http://avar.me/					
170	čakar	чакар	134	the sugar	сахар	Yes	5.85	134.1	Avar				Dictionary at http://avar.me/					
171	stol	стол	135	the table	стол	Yes	7.44	135.1	Avar				Dictionary at http://avar.me/					
172	rač’	рач1	136	the tail	хвост	Yes	4.18	136.1	Avar				Dictionary at http://avar.me/					
173	c’ohor	ц1огьор	137	the thief	вор	Yes	21.52	137.1	Avar				Dictionary at http://avar.me/					
174	žo	жо	138	the thing	вещь, предмет (вот эту вещь дай мне)	Yes	11.18	138.1	Avar				Dictionary at http://avar.me/					
175	kʷasul	квасул	139	the thread	нитка	Yes	6.38	139.1	Avar				Dictionary at http://avar.me/					
176	zaman	заман	140	the time	время	Yes	14.11	140.1	Avar				Dictionary at http://avar.me/					
177	meχ	мех	140	the time	время	Yes	14.11	140.2	Avar				Dictionary at http://avar.me/					
178	ʕuž	г1уж	140	the time	время	Yes	14.11	140.3	Avar				Dictionary at http://avar.me/					
179	tamaxo	тамахьо	141	the tobacco	табак	Yes	8.68	141.1	Avar				Dictionary at http://avar.me/					
180	ʁec’	гъец1	142	the tongs	щипцы, клещи	Yes	5.391	142.1	Avar				Dictionary at http://avar.me/					
181	polotence	полотенце	143	the towel	полотенце	Yes	6.82	143.1	Avar				Dictionary at http://avar.me/					
182	humerbac’ː	гьумербац1ц1	143	the towel	полотенце	Yes	6.82	143.2	Avar				Dictionary at http://avar.me/					
183	t’ažu	т1ажу	144	the trousers	брюки	Yes	6.48	144.1	Avar				Dictionary at http://avar.me/					
184	talgan	талган	145	the turnip	репа	No		145.1	Avar				Dictionary at http://avar.me/					
185	haraƛ’	гьаракь	146	the voice	голос	Yes	18.11	146.1	Avar				Dictionary at http://avar.me/					
186	q’ed	къед	147	the wall	стена	Yes	7.27	147.1	Avar				Dictionary at http://avar.me/					
187	qarpuz	хъарпуз	148	the watermelon	арбуз	No		148.1	Avar				Dictionary at http://avar.me/					
188	bertin	бертин	149	the wedding	свадьба	Yes	2.34	149.1	Avar				Dictionary at http://avar.me/					
189	anƛ’	анкь	150	the week	неделя	Yes	14.61	150.1	Avar				Dictionary at http://avar.me/					
190	hoko	гьоко	151	the wheel	колесо	Yes	10.76	151.1	Avar				Dictionary at http://avar.me/					
191	hakiber	гьакибер	151	the wheel	колесо	Yes	10.76	151.2	Avar				Dictionary at http://avar.me/					
192	čarχ	чарх	151	the wheel	колесо	Yes	10.76	151.3	Avar				Dictionary at http://avar.me/					
193	c’al	ц1ал	152	the whip	кнут, хлыст (для лошади)	No		152.1	Avar				Dictionary at http://avar.me/					
194	q’orola-cm	къорола-cm	153	the widow	вдова	Yes	2.76	153.1	Avar				Dictionary at http://avar.me/					
195	gordu	горду	154	the window	окно	Yes	7.25	154.1	Avar				Dictionary at http://avar.me/					
196	čaʁir	чагъир	155	the wine	вино	Yes	5.92	155.1	Avar				Dictionary at http://avar.me/					
197	ža	жа	155	the wine	вино	Yes	5.92	155.2	Avar				Dictionary at http://avar.me/					
198	ʕaraq’i	г1аракъи	155	the wine	вино	Yes	5.92	155.3	Avar				Dictionary at http://avar.me/				Vodka	
199	kʷarƛ’i	кваркьи	156	the wing	крыло (или перо)	Yes	4.392	156.1	Avar				Dictionary at http://avar.me/					
200	bac’	бац1	157	the wolf	волк	Yes	3.71	157.1	Avar				Dictionary at http://avar.me/					
201	ħalt’i	х1алт1и	158	the work	работа	Yes	9.12	158.1	Avar				Dictionary at http://avar.me/					
202	ħut’	х1ут1	159	the worm	червяк	Yes	3.84	159.1	Avar				Dictionary at http://avar.me/					
203	borox	борохь	159	the worm	червяк	Yes	3.84	159.2	Avar				Dictionary at http://avar.me/					
204	ħapara	х1апара	159	the worm	червяк	Yes	3.84	159.3	Avar				Dictionary at http://avar.me/					
205	q’ʷek’	къвек1	159	the worm	червяк	Yes	3.84	159.4	Avar				Dictionary at http://avar.me/					
206	son	сон	160	the year	год	Yes	14.73	160.1	Avar				Dictionary at http://avar.me/					
207	ɬaʕel	лъаг1ел	160	the year	год	Yes	14.73	160.2	Avar				Dictionary at http://avar.me/					
208	ɬanc’ːi	лъанц1ц1и	1	the ant	муравей	Yes	3.817	1.2	Andi	Zilo	Botlikh	8.2018	Zilo1	non loan				
209	k’ːamur	к1к1амур	2	the arch	арка	Yes	7.58	2.1	Andi	Zilo	Botlikh	8.2018	Zilo1	avar				
210	balta	балта	3	the axe/ax	топор	Yes	9.25	3.2	Andi	Zilo	Botlikh	8.2018	Zilo1	unidentified				
211	anžidi	анжиди	3	the axe/ax	топор	Yes	9.25	3.3	Andi	Zilo	Botlikh	8.2018	Zilo1	non loan				
212	torʔo	торъо	4	the ball	мяч, шар	Yes	12.83	4.1	Andi	Zilo	Botlikh	8.2018	Zilo1	non loan				
213	bočka	бочка	5	the barrel	бочка	No		5.2	Andi	Zilo	Botlikh	8.2018	Zilo1	russian				
214	šalegi	шалеги	5	the barrel	бочка	No		5.3	Andi	Zilo	Botlikh	8.2018	Zilo1	turkic				
215	ɬalbot’i	лъалбот1и	6	the bat	летучая мышь	Yes	3.591	6.3	Andi	Zilo	Botlikh	8.2018	Zilo1	non loan				
216	k’ol	к1ол	7	the beak	клюв	Yes	4.241	7.2	Andi	Zilo	Botlikh	8.2018	Zilo1	non loan				
217	migažu	мигажу	8	the beard	борода	Yes	4.142	8.1	Andi	Zilo	Botlikh	8.2018	Zilo1	non loan				
218	šir	шир	9	the beeswax	воск (пчелиный)	Yes	3.821	9.2	Andi	Zilo	Botlikh	8.2018	Zilo1	non loan				
219	roƛ’učul	рокьучул	10	the belt	ремень, пояс	Yes	6.57	10.4	Andi	Zilo	Botlikh	8.2018	Zilo1	non loan				
220	jorʁan	йоргъан	11	the blanket	одеяло	Yes	7.422	11.1	Andi	Zilo	Botlikh	8.2018	Zilo1	turkic				
221	puli	пули	12	the blister	мозоль	Yes	4.855	12.3	Andi	Zilo	Botlikh	8.2018	Zilo1	non loan				
222	kaban	кабан	13	the boar	кабан, боров, вепрь	Yes	3.32	13.1	Andi	Zilo	Botlikh	8.2018	Zilo1	russian				
223	laga	лага	14	the body	тело	Yes	4.11	14.3	Andi	Zilo	Botlikh	8.2018	Zilo1	avar				
224	q’arq’al	къаркъал	14	the body	тело	Yes	4.11	14.2	Andi	Zilo	Botlikh	8.2018	Zilo1	turkic	avar			
225	šiša	шиша	15	the bottle	бутылка	Yes	23.56	15.1	Andi	Zilo	Botlikh	8.2018	Zilo1	persian	avar			
226	dazu	дазу	16	the boundary	граница, межа	Yes	19.17	16.2	Andi	Zilo	Botlikh	8.2018	Zilo1	turkic	avar			
227	kʷerq’in	кверкъин	18	the bracelet	браслет	Yes	6.74	18.1	Andi	Zilo	Botlikh	8.2018	Zilo1	non loan				
228	braslet	браслет	18	the bracelet	браслет	Yes	6.74	18.2	Andi	Zilo	Botlikh	8.2018	Zilo1	russian				
229	ƛ’ir	кьир	19	the bridge	мост	Yes	10.74	19.2	Andi	Zilo	Botlikh	8.2018	Zilo1	non loan				
230	ƛarƛal	л1арл1ал	20	the broom	метла	Yes	9.38	20.2	Andi	Zilo	Botlikh	8.2018	Zilo1	non loan				
231	čeleki	челеки	21	the bucket	ведро	No		21.2	Andi	Zilo	Botlikh	8.2018	Zilo1	turkic				
232	odoruk’a	одорук1а	22	the butterfly	бабочка	Yes	3.92	22.2	Andi	Zilo	Botlikh	8.2018	Zilo1	non loan				
233	kapusta	капуста	23	the cabbage	капуста (кочанная)	No		23.2	Andi	Zilo	Botlikh	8.2018	Zilo1	russian				
234	sveča	свеча	24	the candle	свеча	Yes	7.46	24.3	Andi	Zilo	Botlikh	8.2018	Zilo1	russian				
235	mamat’ur	мамат1ур	25	the carrot	морковь	No		25.1	Andi	Zilo	Botlikh	8.2018	Zilo1	non loan				
236	gedu	геду	26	the cat	кошка	Yes	3.62	26.1	Andi	Zilo	Botlikh	8.2018	Zilo1	unidentified				
237	bišonnol	бишоннол	27	the cattle	крупный рогатый скот	No		27.3	Andi	Zilo	Botlikh	8.2018	Zilo1	non loan				
238	buc’ːirol	буц1ц1ирол	27	the cattle	крупный рогатый скот	No		27.4	Andi	Zilo	Botlikh	8.2018	Zilo1	non loan				
239	pešːera	пещера	28	the cave	пещера	Yes	1.28	28.2	Andi	Zilo	Botlikh	8.2018	Zilo1	russian				
240	raχasi	рахаси	29	the chain	цепь	Yes	9.18	29.1	Andi	Zilo	Botlikh	8.2018	Zilo1	avar				
241	tuχum	тухум	30	the clan	тухум, род	Yes	19.23	30.1	Andi	Zilo	Botlikh	8.2018	Zilo1	arabic	avar			
242	roʔol	роъол	31	the clothing or clothes	одежда	Yes	6.12	31.2	Andi	Zilo	Botlikh	8.2018	Zilo1	non loan				
243	ħeleko	х1елеко	32	the cock/rooster	петух	Yes	3.52	32.1	Andi	Zilo	Botlikh	8.2018	Zilo1	avar				
244	boso	босо	33	the colour/color	цвет	Yes	15.61	33.2	Andi	Zilo	Botlikh	8.2018	Zilo1	non loan				
245	hir	гьир	34	the copper	медь	Yes	9.66	34.2	Andi	Zilo	Botlikh	8.2018	Zilo1	non loan				
246	džanaza	джаназа	35	the corpse	труп	Yes	4.77	35.1	Andi	Zilo	Botlikh	8.2018	Zilo1	arabic	avar			
247	krest	крест	36	the cross	крест	Yes	12.77	36.2	Andi	Zilo	Botlikh	8.2018	Zilo1	turkic				
248	čingil	чингил	37	the cup	чашка	Yes	5.35	37.2	Andi	Zilo	Botlikh	8.2018	Zilo1	unidentified			Saucer	
249	kuruška	курушка	37	the cup	чашка	Yes	5.35	37.3	Andi	Zilo	Botlikh	8.2018	Zilo1	russian				
250	naɬi	налъи	38	the debt	долг (денежный)	Yes	11.64	38.1	Andi	Zilo	Botlikh	8.2018	Zilo1	avar				
251	qali	къали	39	the drum	барабан	Yes	18.72	39.1	Andi	Zilo	Botlikh	8.2018	Zilo1	avar				
252	badušːi	бадущи	40	the duck	утка	Yes	3.57	40.2	Andi	Zilo	Botlikh	8.2018	Zilo1	turkic				
253	ƛ’eχʷa	кьехва	41	the dust	пыль	Yes	1.213	41.2	Andi	Zilo	Botlikh	8.2018	Zilo1	non loan				
254	kic’u	киц1у	42	the earring	серьга, сережка	Yes	6.77	42.2	Andi	Zilo	Botlikh	8.2018	Zilo1	non loan				
255	k’ork’on	к1орк1он	43	the egg	яйцо	Yes	5.97	43.2	Andi	Zilo	Botlikh	8.2018	Zilo1	non loan				
256	muχa	муха	44	the fairy tale	сказка	No		44.2	Andi	Zilo	Botlikh	8.2018	Zilo1	non loan				
257	qizan	хъизан	45	the family	семья	Yes	2.82	45.1	Andi	Zilo	Botlikh	8.2018	Zilo1	avar				
258	hurgu	гьургу	46	the felt	войлок (из чего делают бурки)	Yes	6.27	46.2	Andi	Zilo	Botlikh	8.2018	Zilo1	non loan				
259	ɬudi	лъуди	48	the firewood	дрова, топливо, древесина	Yes	1.88	48.2	Andi	Zilo	Botlikh	8.2018	Zilo1	non loan				
260	χʷami	хвами	49	the fish	рыба	Yes	3.65	49.2	Andi	Zilo	Botlikh	8.2018	Zilo1	non loan				
261	za	за	50	the fist	кулак	No		50.1	Andi	Zilo	Botlikh	8.2018	Zilo1	non loan				
262	enšːur	энщур	51	the flour	мука (пшеничная)	Yes	5.55	51.3	Andi	Zilo	Botlikh	8.2018	Zilo1	non loan				
263	džindži	джинджи	52	the flower	цветок	Yes	8.57	52.2	Andi	Zilo	Botlikh	8.2018	Zilo1	non loan				
264	riq’in	рикъин	53	the footprint	след (ноги)	Yes	4.374	53.2	Andi	Zilo	Botlikh	8.2018	Zilo1	non loan				
265	ɬol	лъол	53	the footprint	след (ноги)	Yes	4.374	53.3	Andi	Zilo	Botlikh	8.2018	Zilo1	non loan				
266	c’umur	ц1умур	54	the fork	вилка (которой кушают)	Yes	5.39	54.2	Andi	Zilo	Botlikh	8.2018	Zilo1	non loan				
267	k’ʷenƛ’a	к1венкьа	55	the fork(2)/pitchfork	вилы (сена)	Yes	8.26	55.2	Andi	Zilo	Botlikh	8.2018	Zilo1	non loan				
268	homoloʁi	гьомологъи	56	the friend	друг, приятель	Yes	19.51	56.2	Andi	Zilo	Botlikh	8.2018	Zilo1	non loan				
269	q’urru	къурру	57	the frog	лягушка	Yes	3.95	57.2	Andi	Zilo	Botlikh	8.2018	Zilo1	non loan				
270	č’adil	ч1адил	58	the garden	сад	Yes	8.13	58.2	Andi	Zilo	Botlikh	8.2018	Zilo1	non loan				
271	oχi	охи	58	the garden	сад	Yes	8.13	58.1	Andi	Zilo	Botlikh	8.2018	Zilo1	non loan				
272	mat’u	мат1у	59	the glass	стекло	Yes	9.74	59.3	Andi	Zilo	Botlikh	8.2018	Zilo1	non loan				
273	misidi	мисиди	60	the gold	золото	Yes	9.64	60.1	Andi	Zilo	Botlikh	8.2018	Zilo1	non loan				
274	qazi	хъази	61	the goose	гусь	Yes	3.56	61.1	Andi	Zilo	Botlikh	8.2018	Zilo1	turkic	avar			
275	č’ič’i	ч1ич1и	62	the grape	виноград	Yes	5.76	62.2	Andi	Zilo	Botlikh	8.2018	Zilo1	non loan				
276	ʁac’ːa	гъац1ц1а	63	the grasshopper	кузнечик	Yes	3.93	63.2	Andi	Zilo	Botlikh	8.2018	Zilo1	non loan				
277	c’ːe	ц1ц1е	64	the guest	гость	Yes	19.56	64.2	Andi	Zilo	Botlikh	8.2018	Zilo1	non loan				
278	jaraʁi	ярагъи	65	the gun	ружьё	Yes	20.28	65.2	Andi	Zilo	Botlikh	8.2018	Zilo1	avar			Weapon(s)	
279	tupangi	тупанги	65	the gun	ружьё	Yes	20.28	65.1	Andi	Zilo	Botlikh	8.2018	Zilo1	turkic				
280	kurt’a	курт1а	66	the hammer	молоток	Yes	9.49	66.1	Andi	Zilo	Botlikh	8.2018	Zilo1	non loan				
281	ƛ’ank’ala	кьанк1ала	67	the hare	заяц	Yes	3.863	67.2	Andi	Zilo	Botlikh	8.2018	Zilo1	non loan				
282	reda	реда	68	the herd	стадо (овец)	No		68.2	Andi	Zilo	Botlikh	8.2018	Zilo1	non loan				
283	kːub	ккуб	69	the iron	железо	Yes	9.67	69.2	Andi	Zilo	Botlikh	8.2018	Zilo1	non loan				
284	masχara	масхара	70	the joke	шутка	No		70.1	Andi	Zilo	Botlikh	8.2018	Zilo1	arabic				
285	t’uši	т1уши	71	the lead	свинец (из чего пули)	Yes	9.68	71.1	Andi	Zilo	Botlikh	8.2018	Zilo1	non loan				
286	piri	пири	72	the lightning	молния	Yes	1.55	72.2	Andi	Zilo	Botlikh	8.2018	Zilo1	non loan				
287	ʁalbac’	гъалбац1	73	the lion	лев	Yes	3.72	73.1	Andi	Zilo	Botlikh	8.2018	Zilo1	avar				
288	sunk’a	сунк1а	74	the lip	губа	Yes	4.25	74.2	Andi	Zilo	Botlikh	8.2018	Zilo1	non loan				
289	ƛ’erčːin	кьерччин	75	the lizard	ящерица	Yes	3.96	75.2	Andi	Zilo	Botlikh	8.2018	Zilo1	non loan				
290	rek’ul	рек1ул	76	the lock	замок (навесной), ключ	Yes	7.23	76.1	Andi	Zilo	Botlikh	8.2018	Zilo1	non loan				
291	ħeč’ink’a	х1еч1инк1а	77	the maize/corn	кукуруза	Yes	8.47	77.2	Andi	Zilo	Botlikh	8.2018	Zilo1	chechen				
292	daru	дару	78	the medicine	лекарство	Yes	4.88	78.1	Andi	Zilo	Botlikh	8.2018	Zilo1	persian	avar			
293	past’an	паст1ан	79	the melon	дыня	No		79.1	Andi	Zilo	Botlikh	8.2018	Zilo1	turkic				
294	mat’u	мат1у	80	the mirror	зеркало	Yes	6.96	80.1	Andi	Zilo	Botlikh	8.2018	Zilo1	non loan				
295	orsi	орси	81	the money	деньги	Yes	11.43	81.2	Andi	Zilo	Botlikh	8.2018	Zilo1	non loan				
296	gači	гачи	82	the mortar(2)	известковый раствор	Yes	7.63	82.1	Andi	Zilo	Botlikh	8.2018	Zilo1	avar				
297	ʕurc’im	г1урц1им	83	the mule	мул	Yes	3.47	83.1	Andi	Zilo	Botlikh	8.2018	Zilo1	non loan				
298	χorošašub awʔara	хорошашуб авъара	84	the mushroom	гриб	Yes	8.98	84.2	Andi	Zilo	Botlikh	8.2018	Zilo1	non loan			Lit. ‘shepherd’s hat	
299	hank’o	гьанк1о	85	the nail	гвоздь	Yes	9.5	85.2	Andi	Zilo	Botlikh	8.2018	Zilo1	non loan				
300	bežun	бежун	86	the needle(1)	игла	Yes	6.36	86.2	Andi	Zilo	Botlikh	8.2018	Zilo1	non loan				
301	maduhal	мадугьал	87	the neighbour	сосед	Yes	19.54	87.1	Andi	Zilo	Botlikh	8.2018	Zilo1	avar				
302	šikiboƛi bešen	щикибол1и бешен	88	the nest	гнездо	Yes	3.58	88.2	Andi	Zilo	Botlikh	8.2018	Zilo1	non loan			bešen = bed	
303	mič’ːi	мич1ч1и	89	the nettle	крапива	Yes	8.97	89.1	Andi	Zilo	Botlikh	8.2018	Zilo1	non loan				
304	burč’ina	бурч1ина	90	the oats	овёс (чем кормят лошадей)	Yes	8.46	90.2	Andi	Zilo	Botlikh	8.2018	Zilo1	unidentified				
305	besdal	бесдал	91	the orphan	сирота	Yes	2.75	91.1	Andi	Zilo	Botlikh	8.2018	Zilo1	avar				
306	k’ːow	к1к1ов	92	the owl	сова	Yes	3.596	92.2	Andi	Zilo	Botlikh	8.2018	Zilo1	unidentified				
307	ruz	руз	92	the owl	сова	Yes	3.596	92.1	Andi	Zilo	Botlikh	8.2018	Zilo1	avar				
308	lažbar	лажбар	93	the paint	краска	Yes	9.88	93.1	Andi	Zilo	Botlikh	8.2018	Zilo1	avar				
309	kraska	краска	93	the paint	краска	Yes	9.88	93.3	Andi	Zilo	Botlikh	8.2018	Zilo1	russian				
310	kaʁar	кагъар	94	the paper	бумага	Yes	18.56	94.1	Andi	Zilo	Botlikh	8.2018	Zilo1	persian	avar			
311	ʁobʁo	гъобгъо	95	the partridge	куропатка	No		95.2	Andi	Zilo	Botlikh	8.2018	Zilo1	non loan				
312	goroχ	горох	96	the pea	горох	No		96.2	Andi	Zilo	Botlikh	8.2018	Zilo1	non loan				
313	hĩhĩ	гьи2гьи2	97	the pear	груша	No		97.2	Andi	Zilo	Botlikh	8.2018	Zilo1	non loan				
314	q’alam	къалам	98	the pencil	карандаш	No		98.1	Andi	Zilo	Botlikh	8.2018	Zilo1	turkic				
315	purčːi	пурччи	99	the pepper	перец (черный)	Yes	5.82	99.2	Andi	Zilo	Botlikh	8.2018	Zilo1	turkic				
316	perec	перец	99	the pepper	перец (черный)	Yes	5.82	99.3	Andi	Zilo	Botlikh	8.2018	Zilo1	russian				
317	χunt’a	хунт1а	100	the pig	свинья	Yes	3.35	100.2	Andi	Zilo	Botlikh	8.2018	Zilo1	non loan				
318	trubka	трубка	101	the pipe	трубка курительная	Yes	8.691	101.2	Andi	Zilo	Botlikh	8.2018	Zilo1	russian				
319	kokom	коком	102	the plum	слива	No		102.1	Andi	Zilo	Botlikh	8.2018	Zilo1	turkic				
320	kisaw	кисав	103	the pocket	карман	Yes	6.61	103.2	Andi	Zilo	Botlikh	8.2018	Zilo1	turkic				
321	zahru	загьру	104	the poison	яд	Yes	4.89	104.1	Andi	Zilo	Botlikh	8.2018	Zilo1	persian	avar			
322	baha	багьа	105	the price	цена	Yes	11.87	105.1	Andi	Zilo	Botlikh	8.2018	Zilo1	persian	avar			
323	tusnaq	туснахъ	106	the prison	тюрьма	Yes	21.39	106.1	Andi	Zilo	Botlikh	8.2018	Zilo1	persian	avar			
324	deržik’a	держик1а	107	the pumpkin or squash	тыква	Yes	8.931	107.2	Andi	Zilo	Botlikh	8.2018	Zilo1	non loan				
325	rit’uč’i	рит1уч1и	108	the reindeer/caribou	олень	Yes	3.871	108.1	Andi	Zilo	Botlikh	8.2018	Zilo1	non loan				
326	pulaw	пулав	109	the rice	рис	Yes	8.48	109.2	Andi	Zilo	Botlikh	8.2018	Zilo1	unidentified				
327	c’ekaɬol	ц1екалъол	110	the ring	кольцо	Yes	6.73	110.2	Andi	Zilo	Botlikh	8.2018	Zilo1	non loan				
328	č’ol	ч1ол	111	the rope	веревка	Yes	9.19	111.4	Andi	Zilo	Botlikh	8.2018	Zilo1	non loan				
329	rošon	рошон	111	the rope	веревка	Yes	9.19	111.5	Andi	Zilo	Botlikh	8.2018	Zilo1	non loan				
330	sailatol	сайлатол	112	the rosary	четки	No		112.2	Andi	Zilo	Botlikh	8.2018	Zilo1	unidentified				
331	ƛ’aw	кьав	113	the rust	ржавчина	No		113.1	Andi	Zilo	Botlikh	8.2018	Zilo1	avar				
332	sur	сур	114	the sand	песок (строительный)	Yes	1.215	114.2	Andi	Zilo	Botlikh	8.2018	Zilo1	non loan				
333	quqadir	хъухъадир	115	the saw	пила	Yes	9.48	115.1	Andi	Zilo	Botlikh	8.2018	Zilo1	non loan				
334	anži	анжи	116	the scar	шрам, рана	Yes	4.858	116.3	Andi	Zilo	Botlikh	8.2018	Zilo1	non loan				
335	uškul	ушкул	117	the school	школа	Yes	17.28	117.2	Andi	Zilo	Botlikh	8.2018	Zilo1	russian				
336	isir	исир	118	the scissors or shears	ножницы	Yes	9.24	118.2	Andi	Zilo	Botlikh	8.2018	Zilo1	non loan				
337	ničo	ничо	119	the scythe	коса	Yes	8.33	119.2	Andi	Zilo	Botlikh	8.2018	Zilo1	non loan				
338	reɬo	релъо	120	the sea	море	Yes	1.32	120.1	Andi	Zilo	Botlikh	8.2018	Zilo1	non loan			Lake according to the respondent	
339	more	море	120	the sea	море	Yes	1.32	120.2	Andi	Zilo	Botlikh	8.2018	Zilo1	russian				
340	ančːu	анччу	121	the shade or shadow	тень	Yes	1.63	121.2	Andi	Zilo	Botlikh	8.2018	Zilo1	non loan				
341	tuken	тукен	122	the shop/store	магазин	Yes	11.86	122.1	Andi	Zilo	Botlikh	8.2018	Zilo1	arabic	avar			
342	qandiro	хъандиро	123	the sickle	серп	Yes	8.33	123.2	Andi	Zilo	Botlikh	8.2018	Zilo1	avar				
343	orsi	орси	124	the silver	серебро	Yes	9.65	124.2	Andi	Zilo	Botlikh	8.2018	Zilo1	non loan				
344	laʁi	лагъи	125	the slave	раб	Yes	19.42	125.1	Andi	Zilo	Botlikh	8.2018	Zilo1	avar				
345	bič	бич	125	the slave	раб	Yes	19.42	125.2	Andi	Zilo	Botlikh	8.2018	Zilo1	unidentified				
346	čanaʁobil	чанагъобил	126	the sledge/sled	санки	Yes	10.79	126.1	Andi	Zilo	Botlikh	8.2018	Zilo1	avar				
347	kʷeɬir	квелъир	127	the sleeve	рукав	No		127.2	Andi	Zilo	Botlikh	8.2018	Zilo1	unidentified				
348	sapun	сапун	128	the soap	мыло	Yes	6.95	128.1	Andi	Zilo	Botlikh	8.2018	Zilo1	persian	avar			
349	keč’i	кеч1и	129	the song	песня	Yes	23.64	129.1	Andi	Zilo	Botlikh	8.2018	Zilo1	avar				
350	čorpa	чорпа	130	the soup	суп	Yes	5.64	130.1	Andi	Zilo	Botlikh	8.2018	Zilo1	turkic				
351	bel	бел	131	the spade	лопата	Yes	8.23	131.2	Andi	Zilo	Botlikh	8.2018	Zilo1	persian				
352	misiχʷara	мисихвара	132	the spider	паук	Yes	3.818	132.4	Andi	Zilo	Botlikh	8.2018	Zilo1	non loan				
353	arkom	арком	133	the spoon	ложка	Yes	5.37	133.4	Andi	Zilo	Botlikh	8.2018	Zilo1	non loan				
354	čakar	чакар	134	the sugar	сахар	Yes	5.85	134.1	Andi	Zilo	Botlikh	8.2018	Zilo1	persian	avar			
355	pisok	писок	134	the sugar	сахар	Yes	5.85	134.2	Andi	Zilo	Botlikh	8.2018	Zilo1	russian	avar			
356	ustul	устул	135	the table	стол	Yes	7.44	135.2	Andi	Zilo	Botlikh	8.2018	Zilo1	russian				
357	moʁorč’u	могъорч1у	136	the tail	хвост	Yes	4.18	136.2	Andi	Zilo	Botlikh	8.2018	Zilo1	non loan				
358	ɬomido	лъомидо	137	the thief	вор	Yes	21.52	137.2	Andi	Zilo	Botlikh	8.2018	Zilo1	non loan				
359	dan	дан	138	the thing	вещь, предмет (вот эту вещь дай мне)	Yes	11.18	138.2	Andi	Zilo	Botlikh	8.2018	Zilo1	non loan				
360	rekun	рекун	139	the thread	нитка	Yes	6.38	139.2	Andi	Zilo	Botlikh	8.2018	Zilo1	non loan				
361	rihi	ригьи	140	the time	время	Yes	14.11	140.4	Andi	Zilo	Botlikh	8.2018	Zilo1	non loan				
362	zaman	заман	140	the time	время	Yes	14.11	140.1	Andi	Zilo	Botlikh	8.2018	Zilo1	arabic				
363	tamako	тамако	141	the tobacco	табак	Yes	8.68	141.1	Andi	Zilo	Botlikh	8.2018	Zilo1	turkic				
364	χuc’u	хуц1у	142	the tongs	щипцы, клещи	Yes	5.391	142.2	Andi	Zilo	Botlikh	8.2018	Zilo1	non loan				
365	roƛ’učul	рокьучул	143	the towel	полотенце	Yes	6.82	143.3	Andi	Zilo	Botlikh	8.2018	Zilo1	non loan				
366	polotence	полотенце	143	the towel	полотенце	Yes	6.82	143.1	Andi	Zilo	Botlikh	8.2018	Zilo1	russian				
367	orčogi	орчоги	144	the trousers	брюки	Yes	6.48	144.2	Andi	Zilo	Botlikh	8.2018	Zilo1	non loan				
368	talgan	талган	145	the turnip	репа	No		145.1	Andi	Zilo	Botlikh	8.2018	Zilo1	unidentified				
369	ɬoč’ːu	лъоч1ч1у	146	the voice	голос	Yes	18.11	146.2	Andi	Zilo	Botlikh	8.2018	Zilo1	non loan				
370	q’en	къен	147	the wall	стена	Yes	7.27	147.1	Andi	Zilo	Botlikh	8.2018	Zilo1	non loan				
371	qarpuzi	хъарпузи	148	the watermelon	арбуз	No		148.1	Andi	Zilo	Botlikh	8.2018	Zilo1	turkic				
372	reχin	рехин	149	the wedding	свадьба	Yes	2.34	149.2	Andi	Zilo	Botlikh	8.2018	Zilo1	non loan				
373	hoƛ’u	гьокьу	150	the week	неделя	Yes	14.61	150.2	Andi	Zilo	Botlikh	8.2018	Zilo1	non loan			Also: comb	
374	č’uregi	ч1уреги	151	the wheel	колесо	Yes	10.76	151.4	Andi	Zilo	Botlikh	8.2018	Zilo1	chechen				
375	č’ːartil	ч1ч1артил	152	the whip	кнут, хлыст (для лошади)	No		152.2	Andi	Zilo	Botlikh	8.2018	Zilo1	non loan				
376	sero jošik’ʷa	серо йошик1ва	153	the widow	вдова	Yes	2.76	153.2	Andi	Zilo	Botlikh	8.2018	Zilo1	non loan				
377	ingur	ингур	154	the window	окно	Yes	7.25	154.2	Andi	Zilo	Botlikh	8.2018	Zilo1	non loan				
378	araq’i	аракъи	155	the wine	вино	Yes	5.92	155.3	Andi	Zilo	Botlikh	8.2018	Zilo1	turkic				
379	ɬiru	лъиру	156	the wing	крыло (или перо)	Yes	4.392	156.2	Andi	Zilo	Botlikh	8.2018	Zilo1	non loan				
380	boc’o	боц1о	157	the wolf	волк	Yes	3.71	157.1	Andi	Zilo	Botlikh	8.2018	Zilo1	non loan				
381	ħalt’i	х1алт1и	158	the work	работа	Yes	9.12	158.1	Andi	Zilo	Botlikh	8.2018	Zilo1	avar				
382	žolka	жолка	159	the worm	червяк	Yes	3.84	159.5	Andi	Zilo	Botlikh	8.2018	Zilo1	non loan				
383	rešin	решин	160	the year	год	Yes	14.73	160.3	Andi	Zilo	Botlikh	8.2018	Zilo1	non loan				
384	ɬanc’i	лъанц1и	1	the ant	муравей	Yes	3.817	1.2	Andi	Zilo	Botlikh	7.2017	Zilo2	non loan				
385	k’ːamur	к1к1амур	2	the arch	арка	Yes	7.58	2.1	Andi	Zilo	Botlikh	7.2017	Zilo2	avar				
386	anžidi	анжиди	3	the axe/ax	топор	Yes	9.25	3.3	Andi	Zilo	Botlikh	7.2017	Zilo2	non loan				
387	torʔo	торъо	4	the ball	мяч, шар	Yes	12.83	4.1	Andi	Zilo	Botlikh	7.2017	Zilo2	non loan				
388	vedra	ведра	5	the barrel	бочка	No		5.4	Andi	Zilo	Botlikh	7.2017	Zilo2	russian				
389	šalegi	шалеги	5	the barrel	бочка	No		5.3	Andi	Zilo	Botlikh	7.2017	Zilo2	turkic				
390	ɬalbot’i	лъалбот1и	6	the bat	летучая мышь	Yes	3.591	6.3	Andi	Zilo	Botlikh	7.2017	Zilo2	non loan				
391	k’ol	к1ол	7	the beak	клюв	Yes	4.241	7.2	Andi	Zilo	Botlikh	7.2017	Zilo2	non loan				
392	migažu	мигажу	8	the beard	борода	Yes	4.142	8.1	Andi	Zilo	Botlikh	7.2017	Zilo2	non loan				Lit. ‘blind during the day’
393	šir	щир	9	the beeswax	воск (пчелиный)	Yes	3.821	9.2	Andi	Zilo	Botlikh	7.2017	Zilo2	non loan				
394	roƛ’učul	рокьучул	10	the belt	ремень, пояс	Yes	6.57	10.4	Andi	Zilo	Botlikh	7.2017	Zilo2	non loan				
395	riƛ’iƛil hank’o	рикьил1ил гьанк1о	12	the blister	мозоль	Yes	4.855	12.4	Andi	Zilo	Botlikh	7.2017	Zilo2	non loan				
396	χunt’a	хунт1а	13	the boar	кабан, боров, вепрь	Yes	3.32	13.2	Andi	Zilo	Botlikh	7.2017	Zilo2	non loan				
397	qaman	хъаман	13	the boar	кабан, боров, вепрь	Yes	3.32	13.1	Andi	Zilo	Botlikh	7.2017	Zilo2	turkic				Lit. ‘meat nail’
398	q’arq’ala	къаркъала	14	the body	тело	Yes	4.11	14.2	Andi	Zilo	Botlikh	7.2017	Zilo2	turkic	avar			
399	laga	лага	14	the body	тело	Yes	4.11	14.3	Andi	Zilo	Botlikh	7.2017	Zilo2	avar				
400	šiša	шиша	15	the bottle	бутылка	Yes	23.56	15.1	Andi	Zilo	Botlikh	7.2017	Zilo2	persian	avar			
401	dazu	дазу	16	the boundary	граница, межа	Yes	19.17	16.2	Andi	Zilo	Botlikh	7.2017	Zilo2	turkic	avar			
402	cercedaqi	церцедахъи	17	the bow	лук (оружие), стрела	Yes	20.24	17.3	Andi	Zilo	Botlikh	7.2017	Zilo2	non loan				
403	kʷerq’in	кверкъин	18	the bracelet	браслет	Yes	6.74	18.1	Andi	Zilo	Botlikh	7.2017	Zilo2	non loan				
404	ƛ’ir	кьир	19	the bridge	мост	Yes	10.74	19.2	Andi	Zilo	Botlikh	7.2017	Zilo2	non loan				
405	ƛarƛal	л1арл1ал	20	the broom	метла	Yes	9.38	20.2	Andi	Zilo	Botlikh	7.2017	Zilo2	non loan				
406	čeleki	челеки	21	the bucket	ведро	No		21.2	Andi	Zilo	Botlikh	7.2017	Zilo2	turkic				
407	odoruk’a	одорук1а	22	the butterfly	бабочка	Yes	3.92	22.2	Andi	Zilo	Botlikh	7.2017	Zilo2	non loan				
408	kapusta	капуста	23	the cabbage	капуста (кочанная)	No		23.2	Andi	Zilo	Botlikh	7.2017	Zilo2	russian				
409	mamat’ur	мамат1ур	25	the carrot	морковь	No		25.1	Andi	Zilo	Botlikh	7.2017	Zilo2	non loan				
410	gedu	геду	26	the cat	кошка	Yes	3.62	26.1	Andi	Zilo	Botlikh	7.2017	Zilo2	unidentified				
411	bišonno	бишонно	27	the cattle	крупный рогатый скот	No		27.3	Andi	Zilo	Botlikh	7.2017	Zilo2	non loan				
412	buc’ːir	буц1ц1ир	27	the cattle	крупный рогатый скот	No		27.4	Andi	Zilo	Botlikh	7.2017	Zilo2	non loan				
413	reč’o	реч1о	28	the cave	пещера	Yes	1.28	28.3	Andi	Zilo	Botlikh	7.2017	Zilo2	non loan				
414	raχasi	рахаси	29	the chain	цепь	Yes	9.18	29.1	Andi	Zilo	Botlikh	7.2017	Zilo2	avar				
415	tuχum	тухум	30	the clan	тухум, род	Yes	19.23	30.1	Andi	Zilo	Botlikh	7.2017	Zilo2	arabic	avar			
416	roʔol	роъол	31	the clothing or clothes	одежда	Yes	6.12	31.2	Andi	Zilo	Botlikh	7.2017	Zilo2	non loan				
417	ħeleko	х1елеко	32	the cock/rooster	петух	Yes	3.52	32.1	Andi	Zilo	Botlikh	7.2017	Zilo2	avar				
418	boso	босо	33	the colour/color	цвет	Yes	15.61	33.2	Andi	Zilo	Botlikh	7.2017	Zilo2	non loan				
419	hir	гьир	34	the copper	медь	Yes	9.66	34.2	Andi	Zilo	Botlikh	7.2017	Zilo2	non loan				
420	džanaza	джаназа	35	the corpse	труп	Yes	4.77	35.1	Andi	Zilo	Botlikh	7.2017	Zilo2	arabic	avar			
421	krest	крест	36	the cross	крест	Yes	12.77	36.2	Andi	Zilo	Botlikh	7.2017	Zilo2	turkic				
422	čingil	чингил	37	the cup	чашка	Yes	5.35	37.2	Andi	Zilo	Botlikh	7.2017	Zilo2	unidentified				
423	naɬi	налъи	38	the debt	долг (денежный)	Yes	11.64	38.1	Andi	Zilo	Botlikh	7.2017	Zilo2	avar				
424	q’ali	къали	39	the drum	барабан	Yes	18.72	39.1	Andi	Zilo	Botlikh	7.2017	Zilo2	avar				
425	badušːi	бадущи	40	the duck	утка	Yes	3.57	40.2	Andi	Zilo	Botlikh	7.2017	Zilo2	turkic				
426	ƛ’eχʷa	кьехва	41	the dust	пыль	Yes	1.213	41.2	Andi	Zilo	Botlikh	7.2017	Zilo2	non loan				
427	k’ic’ubil	к1иц1убил	42	the earring	серьга, сережка	Yes	6.77	42.2	Andi	Zilo	Botlikh	7.2017	Zilo2	non loan			Plural	
428	k’ork’on	к1орк1он	43	the egg	яйцо	Yes	5.97	43.2	Andi	Zilo	Botlikh	7.2017	Zilo2	non loan				
429	muχa	муха	44	the fairy tale	сказка	No		44.2	Andi	Zilo	Botlikh	7.2017	Zilo2	non loan				
430	qizan	хъизан	45	the family	семья	Yes	2.82	45.1	Andi	Zilo	Botlikh	7.2017	Zilo2	avar				
431	hurgu	гьургу	46	the felt	войлок (из чего делают бурки)	Yes	6.27	46.2	Andi	Zilo	Botlikh	7.2017	Zilo2	non loan				
432	č’ač’a	ч1ач1а	47	the fermented drink	буза	Yes	5.94	47.2	Andi	Zilo	Botlikh	7.2017	Zilo2	unidentified				
433	χʷami	хвами	49	the fish	рыба	Yes	3.65	49.2	Andi	Zilo	Botlikh	7.2017	Zilo2	non loan				
434	za	за	50	the fist	кулак	No		50.1	Andi	Zilo	Botlikh	7.2017	Zilo2	non loan				
435	enšːur	енщур	51	the flour	мука (пшеничная)	Yes	5.55	51.3	Andi	Zilo	Botlikh	7.2017	Zilo2	non loan				
436	džindži	джинджи	52	the flower	цветок	Yes	8.57	52.2	Andi	Zilo	Botlikh	7.2017	Zilo2	non loan				
437	ɬol	лъол	53	the footprint	след (ноги)	Yes	4.374	53.3	Andi	Zilo	Botlikh	7.2017	Zilo2	non loan				
438	c’umur	ц1умур	54	the fork	вилка (которой кушают)	Yes	5.39	54.2	Andi	Zilo	Botlikh	7.2017	Zilo2	non loan				
439	k’ʷenƛ’a	к1венкьа	55	the fork(2)/pitchfork	вилы (сена)	Yes	8.26	55.2	Andi	Zilo	Botlikh	7.2017	Zilo2	non loan			Also ‘fork’	
440	homolloʁi	гьомоллогъи	56	the friend	друг, приятель	Yes	19.51	56.2	Andi	Zilo	Botlikh	7.2017	Zilo2	non loan				
441	q’urru	къурру	57	the frog	лягушка	Yes	3.95	57.2	Andi	Zilo	Botlikh	7.2017	Zilo2	non loan				
442	oχi	охи	58	the garden	сад	Yes	8.13	58.1	Andi	Zilo	Botlikh	7.2017	Zilo2	non loan				
443	mat’u	мат1о	59	the glass	стекло	Yes	9.74	59.3	Andi	Zilo	Botlikh	7.2017	Zilo2	non loan				
444	misidi	мисиди	60	the gold	золото	Yes	9.64	60.1	Andi	Zilo	Botlikh	7.2017	Zilo2	non loan				
445	qazi	хъази	61	the goose	гусь	Yes	3.56	61.1	Andi	Zilo	Botlikh	7.2017	Zilo2	turkic	avar			
446	č’ič’i	ч1ич1и	62	the grape	виноград	Yes	5.76	62.2	Andi	Zilo	Botlikh	7.2017	Zilo2	non loan				
447	ʁac’a	гъац1а	63	the grasshopper	кузнечик	Yes	3.93	63.2	Andi	Zilo	Botlikh	7.2017	Zilo2	non loan				
448	c’ːe	ц1ц1е	64	the guest	гость	Yes	19.56	64.2	Andi	Zilo	Botlikh	7.2017	Zilo2	non loan				
449	tupangi	тупанги	65	the gun	ружьё	Yes	20.28	65.1	Andi	Zilo	Botlikh	7.2017	Zilo2	turkic				
450	kurt’a	курт1а	66	the hammer	молоток	Yes	9.49	66.1	Andi	Zilo	Botlikh	7.2017	Zilo2	non loan				
451	ƛ’ank’ala	кьанк1ала	67	the hare	заяц	Yes	3.863	67.2	Andi	Zilo	Botlikh	7.2017	Zilo2	non loan				
452	reda	реда	68	the herd	стадо (овец)	No		68.2	Andi	Zilo	Botlikh	7.2017	Zilo2	non loan				
453	kːub	ккуб	69	the iron	железо	Yes	9.67	69.2	Andi	Zilo	Botlikh	7.2017	Zilo2	non loan				
454	masχara	масхара	70	the joke	шутка	No		70.1	Andi	Zilo	Botlikh	7.2017	Zilo2	arabic				
455	t’uši	т1уши	71	the lead	свинец (из чего пули)	Yes	9.68	71.1	Andi	Zilo	Botlikh	7.2017	Zilo2	non loan				
456	piri	пири	72	the lightning	молния	Yes	1.55	72.2	Andi	Zilo	Botlikh	7.2017	Zilo2	non loan				
457	ʁalbac’ːi	гъалбац1ц1и	73	the lion	лев	Yes	3.72	73.1	Andi	Zilo	Botlikh	7.2017	Zilo2	avar				
458	sunk’a	сунк1а	74	the lip	губа	Yes	4.25	74.2	Andi	Zilo	Botlikh	7.2017	Zilo2	non loan				
459	ƛ’erčːin	кьерччин	75	the lizard	ящерица	Yes	3.96	75.2	Andi	Zilo	Botlikh	7.2017	Zilo2	non loan				
460	rek’ul	рек1ул	76	the lock	замок (навесной), ключ	Yes	7.23	76.1	Andi	Zilo	Botlikh	7.2017	Zilo2	non loan				
461	ħeč’ːink’a	х1еч1ч1инк1а	77	the maize/corn	кукуруза	Yes	8.47	77.2	Andi	Zilo	Botlikh	7.2017	Zilo2	chechen				
462	daru	дару	78	the medicine	лекарство	Yes	4.88	78.1	Andi	Zilo	Botlikh	7.2017	Zilo2	persian	avar			
463	past’an	паст1ан	79	the melon	дыня	No		79.1	Andi	Zilo	Botlikh	7.2017	Zilo2	turkic				
464	mat’o	мат1о	80	the mirror	зеркало	Yes	6.96	80.1	Andi	Zilo	Botlikh	7.2017	Zilo2	non loan				
465	orsi	орси	81	the money	деньги	Yes	11.43	81.2	Andi	Zilo	Botlikh	7.2017	Zilo2	non loan				
466	gači	гачи	82	the mortar(2)	известковый раствор	Yes	7.63	82.1	Andi	Zilo	Botlikh	7.2017	Zilo2	avar				
467	ʕurc’im	г1урц1им	83	the mule	мул	Yes	3.47	83.1	Andi	Zilo	Botlikh	7.2017	Zilo2	non loan				
468	χorošašub awʔara	хорошашуб авъара	84	the mushroom	гриб	Yes	8.98	84.2	Andi	Zilo	Botlikh	7.2017	Zilo2	non loan			Lit. ‘shepherd’s hat	
469	hank’o	гьанк1о	85	the nail	гвоздь	Yes	9.5	85.2	Andi	Zilo	Botlikh	7.2017	Zilo2	non loan				
470	bežun	бежун	86	the needle(1)	игла	Yes	6.36	86.2	Andi	Zilo	Botlikh	7.2017	Zilo2	non loan				
471	maduhal	мадугьал	87	the neighbour	сосед	Yes	19.54	87.1	Andi	Zilo	Botlikh	7.2017	Zilo2	avar				
472	c’ːumoƛi bešen	ц1ц1умол1и бешен	88	the nest	гнездо	Yes	3.58	88.3	Andi	Zilo	Botlikh	7.2017	Zilo2	non loan			Lit. ‘eagle’s bed’	
473	šːekibuƛi haq’u	щекибул1и гьакъу	88	the nest	гнездо	Yes	3.58	88.4	Andi	Zilo	Botlikh	7.2017	Zilo2	non loan			Lit. ‘bird’s room/house’	
474	mič’ːi	мич1ч1и	89	the nettle	крапива	Yes	8.97	89.1	Andi	Zilo	Botlikh	7.2017	Zilo2	non loan				
475	niχa	ниха	90	the oats	овёс (чем кормят лошадей)	Yes	8.46	90.1	Andi	Zilo	Botlikh	7.2017	Zilo2	turkic				
476	besdal	бесдал	91	the orphan	сирота	Yes	2.75	91.1	Andi	Zilo	Botlikh	7.2017	Zilo2	avar				
477	buhu	бугьу	92	the owl	сова	Yes	3.596	92.4	Andi	Zilo	Botlikh	7.2017	Zilo2	non loan				
478	ɬalbot’i	лъалбот1и	92	the owl	сова	Yes	3.596	92.3	Andi	Zilo	Botlikh	7.2017	Zilo2	non loan			'bat’ or ‘owl’, according to the respondent	
479	lažbar	лажбар	93	the paint	краска	Yes	9.88	93.1	Andi	Zilo	Botlikh	7.2017	Zilo2	avar				
480	kaʁar	кагъар	94	the paper	бумага	Yes	18.56	94.1	Andi	Zilo	Botlikh	7.2017	Zilo2	persian	avar			
481	ʁobʁo	гъобгъо	95	the partridge	куропатка	No		95.2	Andi	Zilo	Botlikh	7.2017	Zilo2	non loan				
482	holi	гьоли	96	the pea	горох	No		96.1	Andi	Zilo	Botlikh	7.2017	Zilo2	non loan				
483	hĩhĩ	гьи2гьи2	97	the pear	груша	No		97.2	Andi	Zilo	Botlikh	7.2017	Zilo2	non loan				
484	q’alam	къалам	98	the pencil	карандаш	No		98.1	Andi	Zilo	Botlikh	7.2017	Zilo2	turkic				
485	purčːi	пурччи	99	the pepper	перец (черный)	Yes	5.82	99.2	Andi	Zilo	Botlikh	7.2017	Zilo2	turkic				
486	χunt’a	хунт1а	100	the pig	свинья	Yes	3.35	100.2	Andi	Zilo	Botlikh	7.2017	Zilo2	non loan				
487	lulla	лулла	101	the pipe	трубка курительная	Yes	8.691	101.3	Andi	Zilo	Botlikh	7.2017	Zilo2	chechen				
488	kokom	коком	102	the plum	слива	No		102.1	Andi	Zilo	Botlikh	7.2017	Zilo2	turkic				
489	kisaw	кисав	103	the pocket	карман	Yes	6.61	103.2	Andi	Zilo	Botlikh	7.2017	Zilo2	turkic				
490	zahru	загьру	104	the poison	яд	Yes	4.89	104.1	Andi	Zilo	Botlikh	7.2017	Zilo2	persian	avar			
491	baha	багьа	105	the price	цена	Yes	11.87	105.1	Andi	Zilo	Botlikh	7.2017	Zilo2	persian	avar			
492	tusnaq	туснахъ	106	the prison	тюрьма	Yes	21.39	106.1	Andi	Zilo	Botlikh	7.2017	Zilo2	persian	avar			
493	deržik’a	держик1а	107	the pumpkin or squash	тыква	Yes	8.931	107.2	Andi	Zilo	Botlikh	7.2017	Zilo2	non loan				
494	rit’uč’i	рит1уч1и	108	the reindeer/caribou	олень	Yes	3.871	108.1	Andi	Zilo	Botlikh	7.2017	Zilo2	non loan				
495	pulaw	пулав	109	the rice	рис	Yes	8.48	109.2	Andi	Zilo	Botlikh	7.2017	Zilo2	unidentified				
496	c’ek’aɬol	ц1ек1алъол	110	the ring	кольцо	Yes	6.73	110.2	Andi	Zilo	Botlikh	7.2017	Zilo2	non loan				
497	rošon	рошон	111	the rope	веревка	Yes	9.19	111.5	Andi	Zilo	Botlikh	7.2017	Zilo2	non loan				
498	sailatol	сайлатол	112	the rosary	четки	No		112.2	Andi	Zilo	Botlikh	7.2017	Zilo2	unidentified				
499	ƛ’aw	кьав	113	the rust	ржавчина	No		113.1	Andi	Zilo	Botlikh	7.2017	Zilo2	avar				
500	sur	сур	114	the sand	песок (строительный)	Yes	1.215	114.2	Andi	Zilo	Botlikh	7.2017	Zilo2	non loan				
501	quqadir	хъухъадир	115	the saw	пила	Yes	9.48	115.1	Andi	Zilo	Botlikh	7.2017	Zilo2	non loan				
502	anži	анжи	116	the scar	шрам, рана	Yes	4.858	116.3	Andi	Zilo	Botlikh	7.2017	Zilo2	non loan				
503	uškul	ушкул	117	the school	школа	Yes	17.28	117.2	Andi	Zilo	Botlikh	7.2017	Zilo2	russian				
504	isir	исир	118	the scissors or shears	ножницы	Yes	9.24	118.2	Andi	Zilo	Botlikh	7.2017	Zilo2	non loan				
505	ničo	ничо	119	the scythe	коса	Yes	8.33	119.2	Andi	Zilo	Botlikh	7.2017	Zilo2	non loan				
506	qandiro	хъандиро	119	the scythe	коса	Yes	8.33	119.3	Andi	Zilo	Botlikh	7.2017	Zilo2	avar			Small and homemade; also ‘sickle’	
507	reɬo	релъо	120	the sea	море	Yes	1.32	120.1	Andi	Zilo	Botlikh	7.2017	Zilo2	non loan				
508	ančːu	анччу	121	the shade or shadow	тень	Yes	1.63	121.2	Andi	Zilo	Botlikh	7.2017	Zilo2	non loan				
509	tuken	тукен	122	the shop/store	магазин	Yes	11.86	122.1	Andi	Zilo	Botlikh	7.2017	Zilo2	arabic	avar			
510	orsi	орси	124	the silver	серебро	Yes	9.65	124.2	Andi	Zilo	Botlikh	7.2017	Zilo2	non loan				
511	laʁi	лагъи	125	the slave	раб	Yes	19.42	125.1	Andi	Zilo	Botlikh	7.2017	Zilo2	avar				
512	čanaʁi	чанагъи	126	the sledge/sled	санки	Yes	10.79	126.1	Andi	Zilo	Botlikh	7.2017	Zilo2	avar				
513	kʷeɬir	квелъир	127	the sleeve	рукав	No		127.2	Andi	Zilo	Botlikh	7.2017	Zilo2	unidentified				
514	sapun	сапун	128	the soap	мыло	Yes	6.95	128.1	Andi	Zilo	Botlikh	7.2017	Zilo2	persian	avar			
515	keč’i	кеч1и	129	the song	песня	Yes	23.64	129.1	Andi	Zilo	Botlikh	7.2017	Zilo2	avar				
516	čorpa	чорпа	130	the soup	суп	Yes	5.64	130.1	Andi	Zilo	Botlikh	7.2017	Zilo2	turkic				
517	bel	бел	131	the spade	лопата	Yes	8.23	131.2	Andi	Zilo	Botlikh	7.2017	Zilo2	persian			A metal spade	
518	misiχʷara	мисихвара	132	the spider	паук	Yes	3.818	132.4	Andi	Zilo	Botlikh	7.2017	Zilo2	non loan				
519	arkom	арком	133	the spoon	ложка	Yes	5.37	133.4	Andi	Zilo	Botlikh	7.2017	Zilo2	non loan				
520	čakar	чакар	134	the sugar	сахар	Yes	5.85	134.1	Andi	Zilo	Botlikh	7.2017	Zilo2	persian				
521	ustul	устул	135	the table	стол	Yes	7.44	135.2	Andi	Zilo	Botlikh	7.2017	Zilo2	russian				
522	moʁorč’u	могъорч1у	136	the tail	хвост	Yes	4.18	136.2	Andi	Zilo	Botlikh	7.2017	Zilo2	non loan				
523	ɬomido	лъомидо	137	the thief	вор	Yes	21.52	137.2	Andi	Zilo	Botlikh	7.2017	Zilo2	non loan				
524	dan	дан	138	the thing	вещь, предмет (вот эту вещь дай мне)	Yes	11.18	138.2	Andi	Zilo	Botlikh	7.2017	Zilo2	non loan				
525	rekun	рекун	139	the thread	нитка	Yes	6.38	139.2	Andi	Zilo	Botlikh	7.2017	Zilo2	non loan				
526	rihi	ригьи	140	the time	время	Yes	14.11	140.4	Andi	Zilo	Botlikh	7.2017	Zilo2	non loan				
527	tamakko	тамакко	141	the tobacco	табак	Yes	8.68	141.1	Andi	Zilo	Botlikh	7.2017	Zilo2	turkic				
528	χuc’u	хуц1у	142	the tongs	щипцы, клещи	Yes	5.391	142.2	Andi	Zilo	Botlikh	7.2017	Zilo2	non loan				
529	roƛ’učul	рокьучул	143	the towel	полотенце	Yes	6.82	143.3	Andi	Zilo	Botlikh	7.2017	Zilo2	non loan				
530	orčogi	орчоги	144	the trousers	брюки	Yes	6.48	144.2	Andi	Zilo	Botlikh	7.2017	Zilo2	non loan				
531	palgan	палган	145	the turnip	репа	No		145.1	Andi	Zilo	Botlikh	7.2017	Zilo2	unidentified				
532	ɬoč’u	лъоч1у	146	the voice	голос	Yes	18.11	146.2	Andi	Zilo	Botlikh	7.2017	Zilo2	non loan				
533	q’en	къен	147	the wall	стена	Yes	7.27	147.1	Andi	Zilo	Botlikh	7.2017	Zilo2	non loan				
534	qarpuzi	хъарпузи	148	the watermelon	арбуз	No		148.1	Andi	Zilo	Botlikh	7.2017	Zilo2	turkic				
535	reχin	рехин	149	the wedding	свадьба	Yes	2.34	149.2	Andi	Zilo	Botlikh	7.2017	Zilo2	non loan				
536	hoƛ’u	гьокьу	150	the week	неделя	Yes	14.61	150.2	Andi	Zilo	Botlikh	7.2017	Zilo2	non loan				
537	č’uregi	ч1уреги	151	the wheel	колесо	Yes	10.76	151.4	Andi	Zilo	Botlikh	7.2017	Zilo2	chechen				
538	č’ːartil	ч1ч1артил	152	the whip	кнут, хлыст (для лошади)	No		152.2	Andi	Zilo	Botlikh	7.2017	Zilo2	non loan				
539	sero jošik’ʷa	серо йошик1ва	153	the widow	вдова	Yes	2.76	153.2	Andi	Zilo	Botlikh	7.2017	Zilo2	non loan				
540	ingur	ингур	154	the window	окно	Yes	7.25	154.2	Andi	Zilo	Botlikh	7.2017	Zilo2	non loan				
541	čaʕa	чаг1а	155	the wine	вино	Yes	5.92	155.4	Andi	Zilo	Botlikh	7.2017	Zilo2	chechen				
542	ɬiru	лъиру	156	the wing	крыло (или перо)	Yes	4.392	156.2	Andi	Zilo	Botlikh	7.2017	Zilo2	non loan				
543	boc’o	боц1о	157	the wolf	волк	Yes	3.71	157.1	Andi	Zilo	Botlikh	7.2017	Zilo2	non loan				
544	ħalti	х1алт1и	158	the work	работа	Yes	9.12	158.1	Andi	Zilo	Botlikh	7.2017	Zilo2	avar				
545	žolka	жолка	159	the worm	червяк	Yes	3.84	159.5	Andi	Zilo	Botlikh	7.2017	Zilo2	non loan				
546	rešin	решин	160	the year	год	Yes	14.73	160.3	Andi	Zilo	Botlikh	7.2017	Zilo2	non loan				
